Week,Meeting Date,Date ISO,Contractor,TPI,Construction,Purchasing,Warranty,Responses,Priority,Suggested Focus,Status,Meeting Time,Owner,Notes
1,"Wednesday, August 12, 2026",2026-08-12,Five Star,6.5,6.9,5.8,6.7,5,High Priority,Immediate improvement plan,Not Scheduled,,Brendan,
1,"Wednesday, August 12, 2026",2026-08-12,Creative Granite,6.8,6.4,6.9,7.4,9,High Priority,Immediate improvement plan,Not Scheduled,,Brendan,
1,"Wednesday, August 12, 2026",2026-08-12,J2,6.8,5.5,8.8,7.7,9,High Priority,Immediate improvement plan,Not Scheduled,,Brendan,
1,"Wednesday, August 12, 2026",2026-08-12,Thomas Brothers Drywall,7.1,6.9,7.6,,2,High Priority,Immediate improvement plan,Not Scheduled,,Brendan,
2,"Wednesday, August 19, 2026",2026-08-19,Bardsley and Sons,7.2,6.8,7.6,7.5,9,High Priority,Immediate improvement plan,Not Scheduled,,Brendan,
2,"Wednesday, August 19, 2026",2026-08-19,Lleyva,7.3,7.7,7.0,6.7,9,High Priority,Immediate improvement plan,Not Scheduled,,Brendan,
2,"Wednesday, August 19, 2026",2026-08-19,Ault,7.6,7.3,7.8,8.0,8,Priority Review,Clarify expectations and improvement areas,Not Scheduled,,Brendan,
2,"Wednesday, August 19, 2026",2026-08-19,Vidor,7.6,6.4,9.1,8.6,7,Priority Review,Clarify expectations and improvement areas,Not Scheduled,,Brendan,
3,"Wednesday, August 26, 2026",2026-08-26,Precision Flatwork,7.7,7.4,9.0,7.0,6,Priority Review,Clarify expectations and improvement areas,Not Scheduled,,Brendan,
3,"Wednesday, August 26, 2026",2026-08-26,Gillette,7.8,7.4,8.2,8.2,9,Priority Review,Clarify expectations and improvement areas,Not Scheduled,,Brendan,
3,"Wednesday, August 26, 2026",2026-08-26,Custom Flow,7.9,7.6,8.2,8.2,7,Priority Review,Clarify expectations and improvement areas,Not Scheduled,,Brendan,
3,"Wednesday, August 26, 2026",2026-08-26,Monument Drywall,8.0,7.3,8.7,8.8,9,Priority Review,Clarify expectations and improvement areas,Not Scheduled,,Brendan,
4,"Wednesday, September 2, 2026",2026-09-02,ASB Flatwork,8.2,8.0,8.6,,5,Priority Review,Clarify expectations and improvement areas,Not Scheduled,,Brendan,
4,"Wednesday, September 2, 2026",2026-09-02,Designer Marble,8.3,8.1,7.9,9.0,8,Standard Review,Tighten consistency and communication,Not Scheduled,,Brendan,
4,"Wednesday, September 2, 2026",2026-09-02,RMC,8.3,8.3,,,3,Standard Review,Tighten consistency and communication,Not Scheduled,,Brendan,
4,"Wednesday, September 2, 2026",2026-09-02,Republic,8.3,8.3,,,2,Standard Review,Tighten consistency and communication,Not Scheduled,,Brendan,
5,"Wednesday, September 9, 2026",2026-09-09,VZION,8.3,8.3,8.4,8.2,6,Standard Review,Tighten consistency and communication,Not Scheduled,,Brendan,
5,"Wednesday, September 9, 2026",2026-09-09,Lassiter,8.4,8.8,8.1,8.1,7,Standard Review,Tighten consistency and communication,Not Scheduled,,Brendan,
5,"Wednesday, September 9, 2026",2026-09-09,Stonehenge,8.4,8.4,8.1,8.7,9,Standard Review,Tighten consistency and communication,Not Scheduled,,Brendan,
5,"Wednesday, September 9, 2026",2026-09-09,IGOTPOOP,8.5,8.5,,,4,Standard Review,Tighten consistency and communication,Not Scheduled,,Brendan,
6,"Wednesday, September 16, 2026",2026-09-16,R1 Roofing,8.5,7.8,9.8,,2,Standard Review,Tighten consistency and communication,Not Scheduled,,Brendan,
6,"Wednesday, September 16, 2026",2026-09-16,WB Roofing,8.5,9.0,8.1,8.1,9,Standard Review,Tighten consistency and communication,Not Scheduled,,Brendan,
6,"Wednesday, September 16, 2026",2026-09-16,MLD,8.6,8.4,8.8,8.8,9,Standard Review,Tighten consistency and communication,Not Scheduled,,Brendan,
6,"Wednesday, September 16, 2026",2026-09-16,Cade Builder Services,8.7,8.9,8.4,,3,Standard Review,Tighten consistency and communication,Not Scheduled,,Brendan,
7,"Wednesday, September 23, 2026",2026-09-23,Provue,8.7,8.9,9.5,7.7,9,Standard Review,Tighten consistency and communication,Not Scheduled,,Brendan,
7,"Wednesday, September 23, 2026",2026-09-23,Summit Waterproofing,8.7,8.6,8.8,8.8,7,Standard Review,Tighten consistency and communication,Not Scheduled,,Brendan,
7,"Wednesday, September 23, 2026",2026-09-23,Alpine Fireplace,8.8,9.3,7.7,9.0,9,Strong Partner Review,Reinforce strengths and address small gaps,Not Scheduled,,Brendan,
7,"Wednesday, September 23, 2026",2026-09-23,Surge Electric,8.8,9.0,8.2,,2,Strong Partner Review,Reinforce strengths and address small gaps,Not Scheduled,,Brendan,
8,"Wednesday, September 30, 2026",2026-09-30,UDC,8.8,8.4,9.6,9.0,9,Strong Partner Review,Reinforce strengths and address small gaps,Not Scheduled,,Brendan,
8,"Wednesday, September 30, 2026",2026-09-30,Fashion Cabinets,8.9,9.2,8.9,8.5,9,Strong Partner Review,Reinforce strengths and address small gaps,Not Scheduled,,Brendan,
8,"Wednesday, September 30, 2026",2026-09-30,JD Concrete,8.9,9.5,7.9,,7,Strong Partner Review,Reinforce strengths and address small gaps,Not Scheduled,,Brendan,
8,"Wednesday, September 30, 2026",2026-09-30,Platinum Woodwork,8.9,8.5,9.6,,4,Strong Partner Review,Reinforce strengths and address small gaps,Not Scheduled,,Brendan,
9,"Wednesday, October 7, 2026",2026-10-07,Contract Appliance,9.0,9.0,8.0,10.0,6,Strong Partner Review,Reinforce strengths and address small gaps,Not Scheduled,,Brendan,
9,"Wednesday, October 7, 2026",2026-10-07,Delta Pro,9.0,8.5,,10.0,5,Strong Partner Review,Reinforce strengths and address small gaps,Not Scheduled,,Brendan,
9,"Wednesday, October 7, 2026",2026-10-07,Everlast,9.0,9.0,8.9,9.2,9,Strong Partner Review,Reinforce strengths and address small gaps,Not Scheduled,,Brendan,
9,"Wednesday, October 7, 2026",2026-10-07,Premier Insulation,9.0,8.6,9.8,9.1,9,Strong Partner Review,Reinforce strengths and address small gaps,Not Scheduled,,Brendan,
10,"Wednesday, October 14, 2026",2026-10-14,Sunpro Exterior Doors,9.0,9.0,9.6,8.2,5,Strong Partner Review,Reinforce strengths and address small gaps,Not Scheduled,,Brendan,
10,"Wednesday, October 14, 2026",2026-10-14,American Curb Cut,9.1,9.1,,,4,Strong Partner Review,Reinforce strengths and address small gaps,Not Scheduled,,Brendan,
10,"Wednesday, October 14, 2026",2026-10-14,Air Express,9.2,,8.9,9.5,3,Strong Partner Review,Reinforce strengths and address small gaps,Not Scheduled,,Brendan,
10,"Wednesday, October 14, 2026",2026-10-14,MR Paint,9.2,9.0,9.4,9.2,8,Strong Partner Review,Reinforce strengths and address small gaps,Not Scheduled,,Brendan,
11,"Wednesday, October 21, 2026",2026-10-21,Sunpro Framing Material,9.2,8.8,9.7,9.7,8,Strong Partner Review,Reinforce strengths and address small gaps,Not Scheduled,,Brendan,
11,"Wednesday, October 21, 2026",2026-10-21,Sunpro/Kyle Framing,9.2,9.2,,,4,Strong Partner Review,Reinforce strengths and address small gaps,Not Scheduled,,Brendan,
11,"Wednesday, October 21, 2026",2026-10-21,Nova Lighting,9.4,9.4,9.7,9.1,9,Top Partner Review,Recognition and preferred partner alignment,Not Scheduled,,Brendan,
11,"Wednesday, October 21, 2026",2026-10-21,Vanguard Energy,9.4,9.4,,,4,Top Partner Review,Recognition and preferred partner alignment,Not Scheduled,,Brendan,
12,"Wednesday, October 28, 2026",2026-10-28,Atlas Engineering,9.7,9.7,,,3,Top Partner Review,Recognition and preferred partner alignment,Not Scheduled,,Brendan,
12,"Wednesday, October 28, 2026",2026-10-28,BGW,9.8,9.9,9.6,10.0,9,Top Partner Review,Recognition and preferred partner alignment,Not Scheduled,,Brendan,
12,"Wednesday, October 28, 2026",2026-10-28,DLM,9.8,9.7,,10.0,5,Top Partner Review,Recognition and preferred partner alignment,Not Scheduled,,Brendan,
